,Date,Currency,Value
41737,2017-01-03,"Thai baht, daily average",0.03739
41738,2017-01-04,"Thai baht, daily average",0.03717
41739,2017-01-05,"Thai baht, daily average",0.03709
41740,2017-01-06,"Thai baht, daily average",0.03704
41741,2017-01-07,"Thai baht, daily average",0.0
41742,2017-01-08,"Thai baht, daily average",0.0
41743,2017-01-09,"Thai baht, daily average",0.03709
41744,2017-01-10,"Thai baht, daily average",0.03716
41745,2017-01-11,"Thai baht, daily average",0.03719
41746,2017-01-12,"Thai baht, daily average",0.03713
41747,2017-01-13,"Thai baht, daily average",0.03708
41748,2017-01-14,"Thai baht, daily average",0.0
41749,2017-01-15,"Thai baht, daily average",0.0
41750,2017-01-16,"Thai baht, daily average",0.03715
41751,2017-01-17,"Thai baht, daily average",0.03699
41752,2017-01-18,"Thai baht, daily average",0.03727
41753,2017-01-19,"Thai baht, daily average",0.0376
41754,2017-01-20,"Thai baht, daily average",0.03766
41755,2017-01-21,"Thai baht, daily average",0.0
41756,2017-01-22,"Thai baht, daily average",0.0
41757,2017-01-23,"Thai baht, daily average",0.03767
41758,2017-01-24,"Thai baht, daily average",0.03739
41759,2017-01-25,"Thai baht, daily average",0.03715
41760,2017-01-26,"Thai baht, daily average",0.03711
41761,2017-01-27,"Thai baht, daily average",0.0372
41762,2017-01-28,"Thai baht, daily average",0.0
41763,2017-01-29,"Thai baht, daily average",0.0
41764,2017-01-30,"Thai baht, daily average",0.03723
41765,2017-01-31,"Thai baht, daily average",0.03711
41766,2017-02-01,"Thai baht, daily average",0.03721
41767,2017-02-02,"Thai baht, daily average",0.03712
41768,2017-02-03,"Thai baht, daily average",0.03715
41769,2017-02-04,"Thai baht, daily average",0.0
41770,2017-02-05,"Thai baht, daily average",0.0
41771,2017-02-06,"Thai baht, daily average",0.03741
41772,2017-02-07,"Thai baht, daily average",0.03759
41773,2017-02-08,"Thai baht, daily average",0.03757
41774,2017-02-09,"Thai baht, daily average",0.03747
41775,2017-02-10,"Thai baht, daily average",0.03731
41776,2017-02-11,"Thai baht, daily average",0.0
41777,2017-02-12,"Thai baht, daily average",0.0
41778,2017-02-13,"Thai baht, daily average",0.03728
41779,2017-02-14,"Thai baht, daily average",0.03732
41780,2017-02-15,"Thai baht, daily average",0.03736
41781,2017-02-16,"Thai baht, daily average",0.0373
41782,2017-02-17,"Thai baht, daily average",0.03743
41783,2017-02-18,"Thai baht, daily average",0.0
41784,2017-02-19,"Thai baht, daily average",0.0
41786,2017-02-21,"Thai baht, daily average",0.03752
41787,2017-02-22,"Thai baht, daily average",0.03765
41788,2017-02-23,"Thai baht, daily average",0.03749
41789,2017-02-24,"Thai baht, daily average",0.03756
41790,2017-02-25,"Thai baht, daily average",0.0
41791,2017-02-26,"Thai baht, daily average",0.0
41792,2017-02-27,"Thai baht, daily average",0.03765
41793,2017-02-28,"Thai baht, daily average",0.03797
41794,2017-03-01,"Thai baht, daily average",0.03812
41795,2017-03-02,"Thai baht, daily average",0.0382
41796,2017-03-03,"Thai baht, daily average",0.03822
41797,2017-03-04,"Thai baht, daily average",0.0
41798,2017-03-05,"Thai baht, daily average",0.0
41799,2017-03-06,"Thai baht, daily average",0.03823
41800,2017-03-07,"Thai baht, daily average",0.03821
41801,2017-03-08,"Thai baht, daily average",0.03816
41802,2017-03-09,"Thai baht, daily average",0.0382
41803,2017-03-10,"Thai baht, daily average",0.03809
41804,2017-03-11,"Thai baht, daily average",0.0
41805,2017-03-12,"Thai baht, daily average",0.0
41806,2017-03-13,"Thai baht, daily average",0.03807
41807,2017-03-14,"Thai baht, daily average",0.03819
41808,2017-03-15,"Thai baht, daily average",0.03812
41809,2017-03-16,"Thai baht, daily average",0.03813
41810,2017-03-17,"Thai baht, daily average",0.03828
41811,2017-03-18,"Thai baht, daily average",0.0
41812,2017-03-19,"Thai baht, daily average",0.0
41813,2017-03-20,"Thai baht, daily average",0.03852
41814,2017-03-21,"Thai baht, daily average",0.03841
41815,2017-03-22,"Thai baht, daily average",0.0386
41816,2017-03-23,"Thai baht, daily average",0.03854
41817,2017-03-24,"Thai baht, daily average",0.03871
41818,2017-03-25,"Thai baht, daily average",0.0
41819,2017-03-26,"Thai baht, daily average",0.0
41820,2017-03-27,"Thai baht, daily average",0.03891
41821,2017-03-28,"Thai baht, daily average",0.03888
41822,2017-03-29,"Thai baht, daily average",0.03883
41823,2017-03-30,"Thai baht, daily average",0.03864
41824,2017-03-31,"Thai baht, daily average",0.03876
41825,2017-04-01,"Thai baht, daily average",0.0
41826,2017-04-02,"Thai baht, daily average",0.0
41827,2017-04-03,"Thai baht, daily average",0.03894
41828,2017-04-04,"Thai baht, daily average",0.03895
41829,2017-04-05,"Thai baht, daily average",0.03881
41830,2017-04-06,"Thai baht, daily average",0.03874
41831,2017-04-07,"Thai baht, daily average",0.03871
41832,2017-04-08,"Thai baht, daily average",0.0
41833,2017-04-09,"Thai baht, daily average",0.0
41834,2017-04-10,"Thai baht, daily average",0.03855
41835,2017-04-11,"Thai baht, daily average",0.03858
41836,2017-04-12,"Thai baht, daily average",0.03859
41837,2017-04-13,"Thai baht, daily average",0.03866
41839,2017-04-15,"Thai baht, daily average",0.0
41840,2017-04-16,"Thai baht, daily average",0.0
41841,2017-04-17,"Thai baht, daily average",0.03878
41842,2017-04-18,"Thai baht, daily average",0.03893
41843,2017-04-19,"Thai baht, daily average",0.03913
41844,2017-04-20,"Thai baht, daily average",0.0392
41845,2017-04-21,"Thai baht, daily average",0.03928
41846,2017-04-22,"Thai baht, daily average",0.0
41847,2017-04-23,"Thai baht, daily average",0.0
41848,2017-04-24,"Thai baht, daily average",0.03926
41849,2017-04-25,"Thai baht, daily average",0.03949
41850,2017-04-26,"Thai baht, daily average",0.03941
41851,2017-04-27,"Thai baht, daily average",0.03937
41852,2017-04-28,"Thai baht, daily average",0.03949
41853,2017-04-29,"Thai baht, daily average",0.0
41854,2017-04-30,"Thai baht, daily average",0.0
41855,2017-05-01,"Thai baht, daily average",0.03949
41856,2017-05-02,"Thai baht, daily average",0.03977
41857,2017-05-03,"Thai baht, daily average",0.03972
41858,2017-05-04,"Thai baht, daily average",0.03968
41859,2017-05-05,"Thai baht, daily average",0.03953
41860,2017-05-06,"Thai baht, daily average",0.0
41861,2017-05-07,"Thai baht, daily average",0.0
41862,2017-05-08,"Thai baht, daily average",0.03957
41863,2017-05-09,"Thai baht, daily average",0.03947
41864,2017-05-10,"Thai baht, daily average",0.03933
41865,2017-05-11,"Thai baht, daily average",0.03946
41866,2017-05-12,"Thai baht, daily average",0.03955
41867,2017-05-13,"Thai baht, daily average",0.0
41868,2017-05-14,"Thai baht, daily average",0.0
41869,2017-05-15,"Thai baht, daily average",0.0395
41870,2017-05-16,"Thai baht, daily average",0.03942
41871,2017-05-17,"Thai baht, daily average",0.03948
41872,2017-05-18,"Thai baht, daily average",0.03944
41873,2017-05-19,"Thai baht, daily average",0.03944
41874,2017-05-20,"Thai baht, daily average",0.0
41875,2017-05-21,"Thai baht, daily average",0.0
41877,2017-05-23,"Thai baht, daily average",0.0392
41878,2017-05-24,"Thai baht, daily average",0.03917
41879,2017-05-25,"Thai baht, daily average",0.03939
41880,2017-05-26,"Thai baht, daily average",0.03952
41881,2017-05-27,"Thai baht, daily average",0.0
41882,2017-05-28,"Thai baht, daily average",0.0
41883,2017-05-29,"Thai baht, daily average",0.03942
41884,2017-05-30,"Thai baht, daily average",0.03947
41885,2017-05-31,"Thai baht, daily average",0.03965
41886,2017-06-01,"Thai baht, daily average",0.03952
41887,2017-06-02,"Thai baht, daily average",0.03963
41888,2017-06-03,"Thai baht, daily average",0.0
41889,2017-06-04,"Thai baht, daily average",0.0
41890,2017-06-05,"Thai baht, daily average",0.03961
41891,2017-06-06,"Thai baht, daily average",0.03963
41892,2017-06-07,"Thai baht, daily average",0.03966
41893,2017-06-08,"Thai baht, daily average",0.03964
41894,2017-06-09,"Thai baht, daily average",0.03949
41895,2017-06-10,"Thai baht, daily average",0.0
41896,2017-06-11,"Thai baht, daily average",0.0
41897,2017-06-12,"Thai baht, daily average",0.03938
41898,2017-06-13,"Thai baht, daily average",0.03903
41899,2017-06-14,"Thai baht, daily average",0.03901
41900,2017-06-15,"Thai baht, daily average",0.0391
41901,2017-06-16,"Thai baht, daily average",0.03897
41902,2017-06-17,"Thai baht, daily average",0.0
41903,2017-06-18,"Thai baht, daily average",0.0
41904,2017-06-19,"Thai baht, daily average",0.03893
41905,2017-06-20,"Thai baht, daily average",0.039
41906,2017-06-21,"Thai baht, daily average",0.03915
41907,2017-06-22,"Thai baht, daily average",0.03896
41908,2017-06-23,"Thai baht, daily average",0.03909
41909,2017-06-24,"Thai baht, daily average",0.0
41910,2017-06-25,"Thai baht, daily average",0.0
41911,2017-06-26,"Thai baht, daily average",0.03896
41912,2017-06-27,"Thai baht, daily average",0.03884
41913,2017-06-28,"Thai baht, daily average",0.03844
41914,2017-06-29,"Thai baht, daily average",0.03829
41915,2017-06-30,"Thai baht, daily average",0.03824
41916,2017-07-01,"Thai baht, daily average",0.0
41917,2017-07-02,"Thai baht, daily average",0.0
41919,2017-07-04,"Thai baht, daily average",0.03805
41920,2017-07-05,"Thai baht, daily average",0.03814
41921,2017-07-06,"Thai baht, daily average",0.03799
41922,2017-07-07,"Thai baht, daily average",0.03779
41923,2017-07-08,"Thai baht, daily average",0.0
41924,2017-07-09,"Thai baht, daily average",0.0
41925,2017-07-10,"Thai baht, daily average",0.03776
41926,2017-07-11,"Thai baht, daily average",0.03789
41927,2017-07-12,"Thai baht, daily average",0.03766
41928,2017-07-13,"Thai baht, daily average",0.03753
41929,2017-07-14,"Thai baht, daily average",0.03751
41930,2017-07-15,"Thai baht, daily average",0.0
41931,2017-07-16,"Thai baht, daily average",0.0
41932,2017-07-17,"Thai baht, daily average",0.03767
41933,2017-07-18,"Thai baht, daily average",0.0376
41934,2017-07-19,"Thai baht, daily average",0.03749
41935,2017-07-20,"Thai baht, daily average",0.03747
41936,2017-07-21,"Thai baht, daily average",0.03751
41937,2017-07-22,"Thai baht, daily average",0.0
41938,2017-07-23,"Thai baht, daily average",0.0
41939,2017-07-24,"Thai baht, daily average",0.03745
41940,2017-07-25,"Thai baht, daily average",0.03738
41941,2017-07-26,"Thai baht, daily average",0.03736
41942,2017-07-27,"Thai baht, daily average",0.03756
41943,2017-07-28,"Thai baht, daily average",0.0373
41944,2017-07-29,"Thai baht, daily average",0.0
41945,2017-07-30,"Thai baht, daily average",0.0
41946,2017-07-31,"Thai baht, daily average",0.0375
41947,2017-08-01,"Thai baht, daily average",0.03761
41948,2017-08-02,"Thai baht, daily average",0.03776
41949,2017-08-03,"Thai baht, daily average",0.03782
41950,2017-08-04,"Thai baht, daily average",0.03797
41951,2017-08-05,"Thai baht, daily average",0.0
41952,2017-08-06,"Thai baht, daily average",0.0
41954,2017-08-08,"Thai baht, daily average",0.03809
41955,2017-08-09,"Thai baht, daily average",0.03821
41956,2017-08-10,"Thai baht, daily average",0.03824
41957,2017-08-11,"Thai baht, daily average",0.03818
41958,2017-08-12,"Thai baht, daily average",0.0
41959,2017-08-13,"Thai baht, daily average",0.0
41960,2017-08-14,"Thai baht, daily average",0.03821
41961,2017-08-15,"Thai baht, daily average",0.03831
41962,2017-08-16,"Thai baht, daily average",0.03816
41963,2017-08-17,"Thai baht, daily average",0.03804
41964,2017-08-18,"Thai baht, daily average",0.03789
41965,2017-08-19,"Thai baht, daily average",0.0
41966,2017-08-20,"Thai baht, daily average",0.0
41967,2017-08-21,"Thai baht, daily average",0.03783
41968,2017-08-22,"Thai baht, daily average",0.03776
41969,2017-08-23,"Thai baht, daily average",0.03767
41970,2017-08-24,"Thai baht, daily average",0.03758
41971,2017-08-25,"Thai baht, daily average",0.03755
41972,2017-08-26,"Thai baht, daily average",0.0
41973,2017-08-27,"Thai baht, daily average",0.0
41974,2017-08-28,"Thai baht, daily average",0.0376
41975,2017-08-29,"Thai baht, daily average",0.03772
41976,2017-08-30,"Thai baht, daily average",0.03795
41977,2017-08-31,"Thai baht, daily average",0.03776
41978,2017-09-01,"Thai baht, daily average",0.03736
41979,2017-09-02,"Thai baht, daily average",0.0
41980,2017-09-03,"Thai baht, daily average",0.0
41982,2017-09-05,"Thai baht, daily average",0.03731
41983,2017-09-06,"Thai baht, daily average",0.037
41984,2017-09-07,"Thai baht, daily average",0.03672
41985,2017-09-08,"Thai baht, daily average",0.03664
41986,2017-09-09,"Thai baht, daily average",0.0
41987,2017-09-10,"Thai baht, daily average",0.0
41988,2017-09-11,"Thai baht, daily average",0.03661
41989,2017-09-12,"Thai baht, daily average",0.0367
41990,2017-09-13,"Thai baht, daily average",0.03679
41991,2017-09-14,"Thai baht, daily average",0.03685
41992,2017-09-15,"Thai baht, daily average",0.03681
41993,2017-09-16,"Thai baht, daily average",0.0
41994,2017-09-17,"Thai baht, daily average",0.0
41995,2017-09-18,"Thai baht, daily average",0.03698
41996,2017-09-19,"Thai baht, daily average",0.03712
41997,2017-09-20,"Thai baht, daily average",0.0371
41998,2017-09-21,"Thai baht, daily average",0.03726
41999,2017-09-22,"Thai baht, daily average",0.03723
42000,2017-09-23,"Thai baht, daily average",0.0
42001,2017-09-24,"Thai baht, daily average",0.0
42002,2017-09-25,"Thai baht, daily average",0.03729
42003,2017-09-26,"Thai baht, daily average",0.03724
42004,2017-09-27,"Thai baht, daily average",0.03726
42005,2017-09-28,"Thai baht, daily average",0.03728
42006,2017-09-29,"Thai baht, daily average",0.03746
42007,2017-09-30,"Thai baht, daily average",0.0
42008,2017-10-01,"Thai baht, daily average",0.0
42009,2017-10-02,"Thai baht, daily average",0.03742
42010,2017-10-03,"Thai baht, daily average",0.03743
42011,2017-10-04,"Thai baht, daily average",0.03742
42012,2017-10-05,"Thai baht, daily average",0.03759
42013,2017-10-06,"Thai baht, daily average",0.03752
42014,2017-10-07,"Thai baht, daily average",0.0
42015,2017-10-08,"Thai baht, daily average",0.0
42017,2017-10-10,"Thai baht, daily average",0.03761
42018,2017-10-11,"Thai baht, daily average",0.03767
42019,2017-10-12,"Thai baht, daily average",0.03766
42020,2017-10-13,"Thai baht, daily average",0.03777
42021,2017-10-14,"Thai baht, daily average",0.0
42022,2017-10-15,"Thai baht, daily average",0.0
42023,2017-10-16,"Thai baht, daily average",0.0379
42024,2017-10-17,"Thai baht, daily average",0.03789
42025,2017-10-18,"Thai baht, daily average",0.03767
42026,2017-10-19,"Thai baht, daily average",0.03767
42027,2017-10-20,"Thai baht, daily average",0.03797
42028,2017-10-21,"Thai baht, daily average",0.0
42029,2017-10-22,"Thai baht, daily average",0.0
42030,2017-10-23,"Thai baht, daily average",0.0381
42031,2017-10-24,"Thai baht, daily average",0.03816
42032,2017-10-25,"Thai baht, daily average",0.03848
42033,2017-10-26,"Thai baht, daily average",0.03865
42034,2017-10-27,"Thai baht, daily average",0.03869
42035,2017-10-28,"Thai baht, daily average",0.0
42036,2017-10-29,"Thai baht, daily average",0.0
42037,2017-10-30,"Thai baht, daily average",0.03862
42038,2017-10-31,"Thai baht, daily average",0.03881
42039,2017-11-01,"Thai baht, daily average",0.03888
42040,2017-11-02,"Thai baht, daily average",0.03874
42041,2017-11-03,"Thai baht, daily average",0.03849
42042,2017-11-04,"Thai baht, daily average",0.0
42043,2017-11-05,"Thai baht, daily average",0.0
42044,2017-11-06,"Thai baht, daily average",0.03847
42045,2017-11-07,"Thai baht, daily average",0.03857
42046,2017-11-08,"Thai baht, daily average",0.03844
42047,2017-11-09,"Thai baht, daily average",0.03835
42048,2017-11-10,"Thai baht, daily average",0.03829
42049,2017-11-11,"Thai baht, daily average",0.0
42050,2017-11-12,"Thai baht, daily average",0.0
42052,2017-11-14,"Thai baht, daily average",0.03852
42053,2017-11-15,"Thai baht, daily average",0.03869
42054,2017-11-16,"Thai baht, daily average",0.03871
42055,2017-11-17,"Thai baht, daily average",0.03895
42056,2017-11-18,"Thai baht, daily average",0.0
42057,2017-11-19,"Thai baht, daily average",0.0
42058,2017-11-20,"Thai baht, daily average",0.03899
42059,2017-11-21,"Thai baht, daily average",0.03901
42060,2017-11-22,"Thai baht, daily average",0.03892
42061,2017-11-23,"Thai baht, daily average",0.03892
42062,2017-11-24,"Thai baht, daily average",0.03891
42063,2017-11-25,"Thai baht, daily average",0.0
42064,2017-11-26,"Thai baht, daily average",0.0
42065,2017-11-27,"Thai baht, daily average",0.03905
42066,2017-11-28,"Thai baht, daily average",0.03932
42067,2017-11-29,"Thai baht, daily average",0.03945
42068,2017-11-30,"Thai baht, daily average",0.03952
42069,2017-12-01,"Thai baht, daily average",0.03903
42070,2017-12-02,"Thai baht, daily average",0.0
42071,2017-12-03,"Thai baht, daily average",0.0
42072,2017-12-04,"Thai baht, daily average",0.03893
42073,2017-12-05,"Thai baht, daily average",0.03888
42074,2017-12-06,"Thai baht, daily average",0.0391
42075,2017-12-07,"Thai baht, daily average",0.03937
42076,2017-12-08,"Thai baht, daily average",0.03941
42077,2017-12-09,"Thai baht, daily average",0.0
42078,2017-12-10,"Thai baht, daily average",0.0
42079,2017-12-11,"Thai baht, daily average",0.03941
42080,2017-12-12,"Thai baht, daily average",0.03947
42081,2017-12-13,"Thai baht, daily average",0.0395
42082,2017-12-14,"Thai baht, daily average",0.03941
42083,2017-12-15,"Thai baht, daily average",0.03948
42084,2017-12-16,"Thai baht, daily average",0.0
42085,2017-12-17,"Thai baht, daily average",0.0
42086,2017-12-18,"Thai baht, daily average",0.03941
42087,2017-12-19,"Thai baht, daily average",0.03935
42088,2017-12-20,"Thai baht, daily average",0.03926
42089,2017-12-21,"Thai baht, daily average",0.0389
42090,2017-12-22,"Thai baht, daily average",0.03896
42091,2017-12-23,"Thai baht, daily average",0.0
42092,2017-12-24,"Thai baht, daily average",0.0
42095,2017-12-27,"Thai baht, daily average",0.03854
42096,2017-12-28,"Thai baht, daily average",0.03856
42097,2017-12-29,"Thai baht, daily average",0.03848
42098,2017-12-30,"Thai baht, daily average",0.0
42099,2017-12-31,"Thai baht, daily average",0.0
42101,2018-01-02,"Thai baht, daily average",0.03858
42102,2018-01-03,"Thai baht, daily average",0.03881
42103,2018-01-04,"Thai baht, daily average",0.03884
42104,2018-01-05,"Thai baht, daily average",0.03853
42105,2018-01-06,"Thai baht, daily average",0.0
42106,2018-01-07,"Thai baht, daily average",0.0
42107,2018-01-08,"Thai baht, daily average",0.03856
42108,2018-01-09,"Thai baht, daily average",0.0386
42109,2018-01-10,"Thai baht, daily average",0.03891
42110,2018-01-11,"Thai baht, daily average",0.03918
42111,2018-01-12,"Thai baht, daily average",0.03914
42112,2018-01-13,"Thai baht, daily average",0.0
42113,2018-01-14,"Thai baht, daily average",0.0
42114,2018-01-15,"Thai baht, daily average",0.03891
42115,2018-01-16,"Thai baht, daily average",0.03886
42116,2018-01-17,"Thai baht, daily average",0.03889
42117,2018-01-18,"Thai baht, daily average",0.039
42118,2018-01-19,"Thai baht, daily average",0.0391
42119,2018-01-20,"Thai baht, daily average",0.0
42120,2018-01-21,"Thai baht, daily average",0.0
42121,2018-01-22,"Thai baht, daily average",0.03911
42122,2018-01-23,"Thai baht, daily average",0.03918
42123,2018-01-24,"Thai baht, daily average",0.03912
42124,2018-01-25,"Thai baht, daily average",0.03928
42125,2018-01-26,"Thai baht, daily average",0.03929
42126,2018-01-27,"Thai baht, daily average",0.0
42127,2018-01-28,"Thai baht, daily average",0.0
42128,2018-01-29,"Thai baht, daily average",0.03922
42129,2018-01-30,"Thai baht, daily average",0.03924
42130,2018-01-31,"Thai baht, daily average",0.03924
42131,2018-02-01,"Thai baht, daily average",0.03922
42132,2018-02-02,"Thai baht, daily average",0.03938
42133,2018-02-03,"Thai baht, daily average",0.0
42134,2018-02-04,"Thai baht, daily average",0.0
42135,2018-02-05,"Thai baht, daily average",0.03958
42136,2018-02-06,"Thai baht, daily average",0.03969
42137,2018-02-07,"Thai baht, daily average",0.03969
42138,2018-02-08,"Thai baht, daily average",0.03952
42139,2018-02-09,"Thai baht, daily average",0.0397
42140,2018-02-10,"Thai baht, daily average",0.0
42141,2018-02-11,"Thai baht, daily average",0.0
42142,2018-02-12,"Thai baht, daily average",0.0398
42143,2018-02-13,"Thai baht, daily average",0.04001
42144,2018-02-14,"Thai baht, daily average",0.04004
42145,2018-02-15,"Thai baht, daily average",0.03998
42146,2018-02-16,"Thai baht, daily average",0.04007
42147,2018-02-17,"Thai baht, daily average",0.0
42148,2018-02-18,"Thai baht, daily average",0.0
42150,2018-02-20,"Thai baht, daily average",0.04007
42151,2018-02-21,"Thai baht, daily average",0.04025
42152,2018-02-22,"Thai baht, daily average",0.04035
42153,2018-02-23,"Thai baht, daily average",0.04031
42154,2018-02-24,"Thai baht, daily average",0.0
42155,2018-02-25,"Thai baht, daily average",0.0
42156,2018-02-26,"Thai baht, daily average",0.04052
42157,2018-02-27,"Thai baht, daily average",0.04052
42158,2018-02-28,"Thai baht, daily average",0.04072
42159,2018-03-01,"Thai baht, daily average",0.04073
42160,2018-03-02,"Thai baht, daily average",0.04099
42161,2018-03-03,"Thai baht, daily average",0.0
42162,2018-03-04,"Thai baht, daily average",0.0
42163,2018-03-05,"Thai baht, daily average",0.0413
42164,2018-03-06,"Thai baht, daily average",0.04121
42165,2018-03-07,"Thai baht, daily average",0.04133
42166,2018-03-08,"Thai baht, daily average",0.04122
42167,2018-03-09,"Thai baht, daily average",0.04099
42168,2018-03-10,"Thai baht, daily average",0.0
42169,2018-03-11,"Thai baht, daily average",0.0
42170,2018-03-12,"Thai baht, daily average",0.04098
42171,2018-03-13,"Thai baht, daily average",0.04135
42172,2018-03-14,"Thai baht, daily average",0.04158
42173,2018-03-15,"Thai baht, daily average",0.04179
42174,2018-03-16,"Thai baht, daily average",0.04194
42175,2018-03-17,"Thai baht, daily average",0.0
42176,2018-03-18,"Thai baht, daily average",0.0
42177,2018-03-19,"Thai baht, daily average",0.04193
42178,2018-03-20,"Thai baht, daily average",0.04191
42179,2018-03-21,"Thai baht, daily average",0.04153
42180,2018-03-22,"Thai baht, daily average",0.04127
42181,2018-03-23,"Thai baht, daily average",0.04123
42182,2018-03-24,"Thai baht, daily average",0.0
42183,2018-03-25,"Thai baht, daily average",0.0
42184,2018-03-26,"Thai baht, daily average",0.04138
42185,2018-03-27,"Thai baht, daily average",0.04125
42186,2018-03-28,"Thai baht, daily average",0.04125
42187,2018-03-29,"Thai baht, daily average",0.04127
42189,2018-03-31,"Thai baht, daily average",0.0
42190,2018-04-01,"Thai baht, daily average",0.0
42191,2018-04-02,"Thai baht, daily average",0.04136
42192,2018-04-03,"Thai baht, daily average",0.04106
42193,2018-04-04,"Thai baht, daily average",0.041
42194,2018-04-05,"Thai baht, daily average",0.04087
42195,2018-04-06,"Thai baht, daily average",0.04081
42196,2018-04-07,"Thai baht, daily average",0.0
42197,2018-04-08,"Thai baht, daily average",0.0
42198,2018-04-09,"Thai baht, daily average",0.04071
42199,2018-04-10,"Thai baht, daily average",0.04044
42200,2018-04-11,"Thai baht, daily average",0.04042
42201,2018-04-12,"Thai baht, daily average",0.04037
42202,2018-04-13,"Thai baht, daily average",0.04043
42203,2018-04-14,"Thai baht, daily average",0.0
42204,2018-04-15,"Thai baht, daily average",0.0
42205,2018-04-16,"Thai baht, daily average",0.04031
42206,2018-04-17,"Thai baht, daily average",0.04022
42207,2018-04-18,"Thai baht, daily average",0.04042
42208,2018-04-19,"Thai baht, daily average",0.04046
42209,2018-04-20,"Thai baht, daily average",0.0406
42210,2018-04-21,"Thai baht, daily average",0.0
42211,2018-04-22,"Thai baht, daily average",0.0
42212,2018-04-23,"Thai baht, daily average",0.04069
42213,2018-04-24,"Thai baht, daily average",0.04078
42214,2018-04-25,"Thai baht, daily average",0.04076
42215,2018-04-26,"Thai baht, daily average",0.04069
42216,2018-04-27,"Thai baht, daily average",0.04077
42217,2018-04-28,"Thai baht, daily average",0.0
42218,2018-04-29,"Thai baht, daily average",0.0
42219,2018-04-30,"Thai baht, daily average",0.04066
42220,2018-05-01,"Thai baht, daily average",0.04062
42221,2018-05-02,"Thai baht, daily average",0.04049
42222,2018-05-03,"Thai baht, daily average",0.04064
42223,2018-05-04,"Thai baht, daily average",0.04051
42224,2018-05-05,"Thai baht, daily average",0.0
42225,2018-05-06,"Thai baht, daily average",0.0
42226,2018-05-07,"Thai baht, daily average",0.04038
42227,2018-05-08,"Thai baht, daily average",0.04059
42228,2018-05-09,"Thai baht, daily average",0.04006
42229,2018-05-10,"Thai baht, daily average",0.03994
42230,2018-05-11,"Thai baht, daily average",0.04008
42231,2018-05-12,"Thai baht, daily average",0.0
42232,2018-05-13,"Thai baht, daily average",0.0
42233,2018-05-14,"Thai baht, daily average",0.04011
42234,2018-05-15,"Thai baht, daily average",0.04009
42235,2018-05-16,"Thai baht, daily average",0.03996
42236,2018-05-17,"Thai baht, daily average",0.03988
42237,2018-05-18,"Thai baht, daily average",0.04
42238,2018-05-19,"Thai baht, daily average",0.0
42239,2018-05-20,"Thai baht, daily average",0.0
42241,2018-05-22,"Thai baht, daily average",0.03995
42242,2018-05-23,"Thai baht, daily average",0.04007
42243,2018-05-24,"Thai baht, daily average",0.04027
42244,2018-05-25,"Thai baht, daily average",0.04064
42245,2018-05-26,"Thai baht, daily average",0.0
42246,2018-05-27,"Thai baht, daily average",0.0
42247,2018-05-28,"Thai baht, daily average",0.04062
42248,2018-05-29,"Thai baht, daily average",0.04056
42249,2018-05-30,"Thai baht, daily average",0.04024
42250,2018-05-31,"Thai baht, daily average",0.04039
42251,2018-06-01,"Thai baht, daily average",0.04047
42252,2018-06-02,"Thai baht, daily average",0.0
42253,2018-06-03,"Thai baht, daily average",0.0
42254,2018-06-04,"Thai baht, daily average",0.04041
42255,2018-06-05,"Thai baht, daily average",0.04066
42256,2018-06-06,"Thai baht, daily average",0.04047
42257,2018-06-07,"Thai baht, daily average",0.04056
42258,2018-06-08,"Thai baht, daily average",0.04044
42259,2018-06-09,"Thai baht, daily average",0.0
42260,2018-06-10,"Thai baht, daily average",0.0
42261,2018-06-11,"Thai baht, daily average",0.04054
42262,2018-06-12,"Thai baht, daily average",0.04052
42263,2018-06-13,"Thai baht, daily average",0.04043
42264,2018-06-14,"Thai baht, daily average",0.04056
42265,2018-06-15,"Thai baht, daily average",0.04041
42266,2018-06-16,"Thai baht, daily average",0.0
42267,2018-06-17,"Thai baht, daily average",0.0
42268,2018-06-18,"Thai baht, daily average",0.0404
42269,2018-06-19,"Thai baht, daily average",0.04049
42270,2018-06-20,"Thai baht, daily average",0.04053
42271,2018-06-21,"Thai baht, daily average",0.04046
42272,2018-06-22,"Thai baht, daily average",0.04042
42273,2018-06-23,"Thai baht, daily average",0.0
42274,2018-06-24,"Thai baht, daily average",0.0
42275,2018-06-25,"Thai baht, daily average",0.04035
42276,2018-06-26,"Thai baht, daily average",0.0403
42277,2018-06-27,"Thai baht, daily average",0.04027
42278,2018-06-28,"Thai baht, daily average",0.04002
42279,2018-06-29,"Thai baht, daily average",0.03984
42280,2018-06-30,"Thai baht, daily average",0.0
42281,2018-07-01,"Thai baht, daily average",0.0
42283,2018-07-03,"Thai baht, daily average",0.03966
42284,2018-07-04,"Thai baht, daily average",0.03963
42285,2018-07-05,"Thai baht, daily average",0.03955
42286,2018-07-06,"Thai baht, daily average",0.03953
42287,2018-07-07,"Thai baht, daily average",0.0
42288,2018-07-08,"Thai baht, daily average",0.0
42289,2018-07-09,"Thai baht, daily average",0.03958
42290,2018-07-10,"Thai baht, daily average",0.03958
42291,2018-07-11,"Thai baht, daily average",0.0395
42292,2018-07-12,"Thai baht, daily average",0.03964
42293,2018-07-13,"Thai baht, daily average",0.03951
42294,2018-07-14,"Thai baht, daily average",0.0
42295,2018-07-15,"Thai baht, daily average",0.0
42296,2018-07-16,"Thai baht, daily average",0.03948
42297,2018-07-17,"Thai baht, daily average",0.03959
42298,2018-07-18,"Thai baht, daily average",0.03963
42299,2018-07-19,"Thai baht, daily average",0.03961
42300,2018-07-20,"Thai baht, daily average",0.0394
42301,2018-07-21,"Thai baht, daily average",0.0
42302,2018-07-22,"Thai baht, daily average",0.0
42303,2018-07-23,"Thai baht, daily average",0.03935
42304,2018-07-24,"Thai baht, daily average",0.03943
42305,2018-07-25,"Thai baht, daily average",0.03935
42306,2018-07-26,"Thai baht, daily average",0.03914
42307,2018-07-27,"Thai baht, daily average",0.03913
42308,2018-07-28,"Thai baht, daily average",0.0
42309,2018-07-29,"Thai baht, daily average",0.0
42310,2018-07-30,"Thai baht, daily average",0.03912
42311,2018-07-31,"Thai baht, daily average",0.0392
42312,2018-08-01,"Thai baht, daily average",0.03923
42313,2018-08-02,"Thai baht, daily average",0.0391
42314,2018-08-03,"Thai baht, daily average",0.03905
42315,2018-08-04,"Thai baht, daily average",0.0
42316,2018-08-05,"Thai baht, daily average",0.0
42318,2018-08-07,"Thai baht, daily average",0.03919
42319,2018-08-08,"Thai baht, daily average",0.03929
42320,2018-08-09,"Thai baht, daily average",0.03929
42321,2018-08-10,"Thai baht, daily average",0.03939
42322,2018-08-11,"Thai baht, daily average",0.0
42323,2018-08-12,"Thai baht, daily average",0.0
42324,2018-08-13,"Thai baht, daily average",0.03937
42325,2018-08-14,"Thai baht, daily average",0.03931
42326,2018-08-15,"Thai baht, daily average",0.0394
42327,2018-08-16,"Thai baht, daily average",0.03962
42328,2018-08-17,"Thai baht, daily average",0.03938
42329,2018-08-18,"Thai baht, daily average",0.0
42330,2018-08-19,"Thai baht, daily average",0.0
42331,2018-08-20,"Thai baht, daily average",0.03962
42332,2018-08-21,"Thai baht, daily average",0.03989
42333,2018-08-22,"Thai baht, daily average",0.03982
42334,2018-08-23,"Thai baht, daily average",0.03979
42335,2018-08-24,"Thai baht, daily average",0.03993
42336,2018-08-25,"Thai baht, daily average",0.0
42337,2018-08-26,"Thai baht, daily average",0.0
42338,2018-08-27,"Thai baht, daily average",0.0399
42339,2018-08-28,"Thai baht, daily average",0.03968
42340,2018-08-29,"Thai baht, daily average",0.03955
42341,2018-08-30,"Thai baht, daily average",0.03963
42342,2018-08-31,"Thai baht, daily average",0.03984
42343,2018-09-01,"Thai baht, daily average",0.0
42344,2018-09-02,"Thai baht, daily average",0.0
42346,2018-09-04,"Thai baht, daily average",0.04017
42347,2018-09-05,"Thai baht, daily average",0.04019
42348,2018-09-06,"Thai baht, daily average",0.04022
42349,2018-09-07,"Thai baht, daily average",0.04011
42350,2018-09-08,"Thai baht, daily average",0.0
42351,2018-09-09,"Thai baht, daily average",0.0
42352,2018-09-10,"Thai baht, daily average",0.04011
42353,2018-09-11,"Thai baht, daily average",0.04006
42354,2018-09-12,"Thai baht, daily average",0.03975
42355,2018-09-13,"Thai baht, daily average",0.03986
42356,2018-09-14,"Thai baht, daily average",0.03992
42357,2018-09-15,"Thai baht, daily average",0.0
42358,2018-09-16,"Thai baht, daily average",0.0
42359,2018-09-17,"Thai baht, daily average",0.03995
42360,2018-09-18,"Thai baht, daily average",0.03989
42361,2018-09-19,"Thai baht, daily average",0.03995
42362,2018-09-20,"Thai baht, daily average",0.03989
42363,2018-09-21,"Thai baht, daily average",0.0398
42364,2018-09-22,"Thai baht, daily average",0.0
42365,2018-09-23,"Thai baht, daily average",0.0
42366,2018-09-24,"Thai baht, daily average",0.03991
42367,2018-09-25,"Thai baht, daily average",0.03994
42368,2018-09-26,"Thai baht, daily average",0.03997
42369,2018-09-27,"Thai baht, daily average",0.04024
42370,2018-09-28,"Thai baht, daily average",0.04004
42371,2018-09-29,"Thai baht, daily average",0.0
42372,2018-09-30,"Thai baht, daily average",0.0
42373,2018-10-01,"Thai baht, daily average",0.03967
42374,2018-10-02,"Thai baht, daily average",0.03962
42375,2018-10-03,"Thai baht, daily average",0.03955
42376,2018-10-04,"Thai baht, daily average",0.03946
42377,2018-10-05,"Thai baht, daily average",0.03942
42378,2018-10-06,"Thai baht, daily average",0.0
42379,2018-10-07,"Thai baht, daily average",0.0
42381,2018-10-09,"Thai baht, daily average",0.03926
42382,2018-10-10,"Thai baht, daily average",0.03944
42383,2018-10-11,"Thai baht, daily average",0.03986
42384,2018-10-12,"Thai baht, daily average",0.03979
42385,2018-10-13,"Thai baht, daily average",0.0
42386,2018-10-14,"Thai baht, daily average",0.0
42387,2018-10-15,"Thai baht, daily average",0.0398
42388,2018-10-16,"Thai baht, daily average",0.03981
42389,2018-10-17,"Thai baht, daily average",0.04002
42390,2018-10-18,"Thai baht, daily average",0.04003
42391,2018-10-19,"Thai baht, daily average",0.04022
42392,2018-10-20,"Thai baht, daily average",0.0
42393,2018-10-21,"Thai baht, daily average",0.0
42394,2018-10-22,"Thai baht, daily average",0.03996
42395,2018-10-23,"Thai baht, daily average",0.03985
42396,2018-10-24,"Thai baht, daily average",0.03958
42397,2018-10-25,"Thai baht, daily average",0.03971
42398,2018-10-26,"Thai baht, daily average",0.03961
42399,2018-10-27,"Thai baht, daily average",0.0
42400,2018-10-28,"Thai baht, daily average",0.0
42401,2018-10-29,"Thai baht, daily average",0.03948
42402,2018-10-30,"Thai baht, daily average",0.03946
42403,2018-10-31,"Thai baht, daily average",0.03966
42404,2018-11-01,"Thai baht, daily average",0.03976
42405,2018-11-02,"Thai baht, daily average",0.03989
42406,2018-11-03,"Thai baht, daily average",0.0
42407,2018-11-04,"Thai baht, daily average",0.0
42408,2018-11-05,"Thai baht, daily average",0.03974
42409,2018-11-06,"Thai baht, daily average",0.03986
42410,2018-11-07,"Thai baht, daily average",0.03992
42411,2018-11-08,"Thai baht, daily average",0.03981
42412,2018-11-09,"Thai baht, daily average",0.03994
42413,2018-11-10,"Thai baht, daily average",0.0
42414,2018-11-11,"Thai baht, daily average",0.0
42416,2018-11-13,"Thai baht, daily average",0.04014
42417,2018-11-14,"Thai baht, daily average",0.04014
42418,2018-11-15,"Thai baht, daily average",0.04006
42419,2018-11-16,"Thai baht, daily average",0.04004
42420,2018-11-17,"Thai baht, daily average",0.0
42421,2018-11-18,"Thai baht, daily average",0.0
42422,2018-11-19,"Thai baht, daily average",0.04003
42423,2018-11-20,"Thai baht, daily average",0.0402
42424,2018-11-21,"Thai baht, daily average",0.04033
42425,2018-11-22,"Thai baht, daily average",0.04005
42426,2018-11-23,"Thai baht, daily average",0.04
42427,2018-11-24,"Thai baht, daily average",0.0
42428,2018-11-25,"Thai baht, daily average",0.0
42429,2018-11-26,"Thai baht, daily average",0.04007
42430,2018-11-27,"Thai baht, daily average",0.04023
42431,2018-11-28,"Thai baht, daily average",0.04034
42432,2018-11-29,"Thai baht, daily average",0.0403
42433,2018-11-30,"Thai baht, daily average",0.0404
42434,2018-12-01,"Thai baht, daily average",0.0
42435,2018-12-02,"Thai baht, daily average",0.0
42436,2018-12-03,"Thai baht, daily average",0.04023
42437,2018-12-04,"Thai baht, daily average",0.04038
42438,2018-12-05,"Thai baht, daily average",0.04077
42439,2018-12-06,"Thai baht, daily average",0.04079
42440,2018-12-07,"Thai baht, daily average",0.04049
42441,2018-12-08,"Thai baht, daily average",0.0
42442,2018-12-09,"Thai baht, daily average",0.0
42443,2018-12-10,"Thai baht, daily average",0.04069
42444,2018-12-11,"Thai baht, daily average",0.04082
42445,2018-12-12,"Thai baht, daily average",0.04073
42446,2018-12-13,"Thai baht, daily average",0.04081
42447,2018-12-14,"Thai baht, daily average",0.04076
42448,2018-12-15,"Thai baht, daily average",0.0
42449,2018-12-16,"Thai baht, daily average",0.0
42450,2018-12-17,"Thai baht, daily average",0.04085
42451,2018-12-18,"Thai baht, daily average",0.04107
42452,2018-12-19,"Thai baht, daily average",0.04112
42453,2018-12-20,"Thai baht, daily average",0.04132
42454,2018-12-21,"Thai baht, daily average",0.04155
42455,2018-12-22,"Thai baht, daily average",0.0
42456,2018-12-23,"Thai baht, daily average",0.0
42457,2018-12-24,"Thai baht, daily average",0.04172
42460,2018-12-27,"Thai baht, daily average",0.04192
42461,2018-12-28,"Thai baht, daily average",0.04189
42462,2018-12-29,"Thai baht, daily average",0.0
42463,2018-12-30,"Thai baht, daily average",0.0
42464,2018-12-31,"Thai baht, daily average",0.04216
42466,2019-01-02,"Thai baht, daily average",0.04212
42467,2019-01-03,"Thai baht, daily average",0.04192
42468,2019-01-04,"Thai baht, daily average",0.04186
42469,2019-01-05,"Thai baht, daily average",0.0
42470,2019-01-06,"Thai baht, daily average",0.0
42471,2019-01-07,"Thai baht, daily average",0.04164
42472,2019-01-08,"Thai baht, daily average",0.04147
42473,2019-01-09,"Thai baht, daily average",0.04137
42474,2019-01-10,"Thai baht, daily average",0.04145
42475,2019-01-11,"Thai baht, daily average",0.04151
42476,2019-01-12,"Thai baht, daily average",0.0
42477,2019-01-13,"Thai baht, daily average",0.0
42478,2019-01-14,"Thai baht, daily average",0.04155
42479,2019-01-15,"Thai baht, daily average",0.0416
42480,2019-01-16,"Thai baht, daily average",0.04179
42481,2019-01-17,"Thai baht, daily average",0.04187
42482,2019-01-18,"Thai baht, daily average",0.04177
42483,2019-01-19,"Thai baht, daily average",0.0
42484,2019-01-20,"Thai baht, daily average",0.0
42485,2019-01-21,"Thai baht, daily average",0.04182
42486,2019-01-22,"Thai baht, daily average",0.04196
42487,2019-01-23,"Thai baht, daily average",0.04207
42488,2019-01-24,"Thai baht, daily average",0.04211
42489,2019-01-25,"Thai baht, daily average",0.04201
42490,2019-01-26,"Thai baht, daily average",0.0
42491,2019-01-27,"Thai baht, daily average",0.0
42492,2019-01-28,"Thai baht, daily average",0.04206
42493,2019-01-29,"Thai baht, daily average",0.04214
42494,2019-01-30,"Thai baht, daily average",0.04208
42495,2019-01-31,"Thai baht, daily average",0.04208
42496,2019-02-01,"Thai baht, daily average",0.04186
42497,2019-02-02,"Thai baht, daily average",0.0
42498,2019-02-03,"Thai baht, daily average",0.0
42499,2019-02-04,"Thai baht, daily average",0.04193
42500,2019-02-05,"Thai baht, daily average",0.04201
42501,2019-02-06,"Thai baht, daily average",0.04222
42502,2019-02-07,"Thai baht, daily average",0.04253
42503,2019-02-08,"Thai baht, daily average",0.04211
42504,2019-02-09,"Thai baht, daily average",0.0
42505,2019-02-10,"Thai baht, daily average",0.0
42506,2019-02-11,"Thai baht, daily average",0.0423
42507,2019-02-12,"Thai baht, daily average",0.04234
42508,2019-02-13,"Thai baht, daily average",0.04224
42509,2019-02-14,"Thai baht, daily average",0.04245
42510,2019-02-15,"Thai baht, daily average",0.04245
42511,2019-02-16,"Thai baht, daily average",0.0
42512,2019-02-17,"Thai baht, daily average",0.0
42514,2019-02-19,"Thai baht, daily average",0.04248
42515,2019-02-20,"Thai baht, daily average",0.04237
42516,2019-02-21,"Thai baht, daily average",0.04227
42517,2019-02-22,"Thai baht, daily average",0.04206
42518,2019-02-23,"Thai baht, daily average",0.0
42519,2019-02-24,"Thai baht, daily average",0.0
42520,2019-02-25,"Thai baht, daily average",0.04212
42521,2019-02-26,"Thai baht, daily average",0.04212
42522,2019-02-27,"Thai baht, daily average",0.04181
42523,2019-02-28,"Thai baht, daily average",0.04172
42524,2019-03-01,"Thai baht, daily average",0.04171
42525,2019-03-02,"Thai baht, daily average",0.0
42526,2019-03-03,"Thai baht, daily average",0.0
42527,2019-03-04,"Thai baht, daily average",0.04179
42528,2019-03-05,"Thai baht, daily average",0.04199
42529,2019-03-06,"Thai baht, daily average",0.04214
42530,2019-03-07,"Thai baht, daily average",0.0422
42531,2019-03-08,"Thai baht, daily average",0.04229
42532,2019-03-09,"Thai baht, daily average",0.0
42533,2019-03-10,"Thai baht, daily average",0.0
42534,2019-03-11,"Thai baht, daily average",0.04232
42535,2019-03-12,"Thai baht, daily average",0.04226
42536,2019-03-13,"Thai baht, daily average",0.04216
42537,2019-03-14,"Thai baht, daily average",0.04194
42538,2019-03-15,"Thai baht, daily average",0.0421
42539,2019-03-16,"Thai baht, daily average",0.0
42540,2019-03-17,"Thai baht, daily average",0.0
42541,2019-03-18,"Thai baht, daily average",0.04212
42542,2019-03-19,"Thai baht, daily average",0.04196
42543,2019-03-20,"Thai baht, daily average",0.04199
42544,2019-03-21,"Thai baht, daily average",0.04212
42545,2019-03-22,"Thai baht, daily average",0.04227
42546,2019-03-23,"Thai baht, daily average",0.0
42547,2019-03-24,"Thai baht, daily average",0.0
42548,2019-03-25,"Thai baht, daily average",0.0425
42549,2019-03-26,"Thai baht, daily average",0.04231
42550,2019-03-27,"Thai baht, daily average",0.0421
42551,2019-03-28,"Thai baht, daily average",0.04214
42552,2019-03-29,"Thai baht, daily average",0.04212
42553,2019-03-30,"Thai baht, daily average",0.0
42554,2019-03-31,"Thai baht, daily average",0.0
42555,2019-04-01,"Thai baht, daily average",0.04205
42556,2019-04-02,"Thai baht, daily average",0.04199
42557,2019-04-03,"Thai baht, daily average",0.04198
42558,2019-04-04,"Thai baht, daily average",0.04202
42559,2019-04-05,"Thai baht, daily average",0.04195
42560,2019-04-06,"Thai baht, daily average",0.0
42561,2019-04-07,"Thai baht, daily average",0.0
42562,2019-04-08,"Thai baht, daily average",0.04178
42563,2019-04-09,"Thai baht, daily average",0.0419
42564,2019-04-10,"Thai baht, daily average",0.04196
42565,2019-04-11,"Thai baht, daily average",0.042
42566,2019-04-12,"Thai baht, daily average",0.04195
42567,2019-04-13,"Thai baht, daily average",0.0
42568,2019-04-14,"Thai baht, daily average",0.0
42569,2019-04-15,"Thai baht, daily average",0.04201
42570,2019-04-16,"Thai baht, daily average",0.04197
42571,2019-04-17,"Thai baht, daily average",0.04194
42572,2019-04-18,"Thai baht, daily average",0.04206
42574,2019-04-20,"Thai baht, daily average",0.0
42575,2019-04-21,"Thai baht, daily average",0.0
42576,2019-04-22,"Thai baht, daily average",0.04187
42577,2019-04-23,"Thai baht, daily average",0.04195
42578,2019-04-24,"Thai baht, daily average",0.04207
42579,2019-04-25,"Thai baht, daily average",0.04206
42580,2019-04-26,"Thai baht, daily average",0.04216
42581,2019-04-27,"Thai baht, daily average",0.0
42582,2019-04-28,"Thai baht, daily average",0.0
42583,2019-04-29,"Thai baht, daily average",0.04214
42584,2019-04-30,"Thai baht, daily average",0.04207
42585,2019-05-01,"Thai baht, daily average",0.04203
42586,2019-05-02,"Thai baht, daily average",0.04203
42587,2019-05-03,"Thai baht, daily average",0.04206
42588,2019-05-04,"Thai baht, daily average",0.0
42589,2019-05-05,"Thai baht, daily average",0.0
42590,2019-05-06,"Thai baht, daily average",0.04219
42591,2019-05-07,"Thai baht, daily average",0.04222
42592,2019-05-08,"Thai baht, daily average",0.04236
42593,2019-05-09,"Thai baht, daily average",0.04242
42594,2019-05-10,"Thai baht, daily average",0.04253
42595,2019-05-11,"Thai baht, daily average",0.0
42596,2019-05-12,"Thai baht, daily average",0.0
42597,2019-05-13,"Thai baht, daily average",0.04253
42598,2019-05-14,"Thai baht, daily average",0.04275
42599,2019-05-15,"Thai baht, daily average",0.04262
42600,2019-05-16,"Thai baht, daily average",0.04248
42601,2019-05-17,"Thai baht, daily average",0.04232
42602,2019-05-18,"Thai baht, daily average",0.0
42603,2019-05-19,"Thai baht, daily average",0.0
42605,2019-05-21,"Thai baht, daily average",0.04197
42606,2019-05-22,"Thai baht, daily average",0.04199
42607,2019-05-23,"Thai baht, daily average",0.0422
42608,2019-05-24,"Thai baht, daily average",0.04223
42609,2019-05-25,"Thai baht, daily average",0.0
42610,2019-05-26,"Thai baht, daily average",0.0
42611,2019-05-27,"Thai baht, daily average",0.04224
42612,2019-05-28,"Thai baht, daily average",0.04235
42613,2019-05-29,"Thai baht, daily average",0.04246
42614,2019-05-30,"Thai baht, daily average",0.04247
42615,2019-05-31,"Thai baht, daily average",0.04283
42616,2019-06-01,"Thai baht, daily average",0.0
42617,2019-06-02,"Thai baht, daily average",0.0
42618,2019-06-03,"Thai baht, daily average",0.04297
42619,2019-06-04,"Thai baht, daily average",0.04281
42620,2019-06-05,"Thai baht, daily average",0.04269
42621,2019-06-06,"Thai baht, daily average",0.04271
42622,2019-06-07,"Thai baht, daily average",0.04248
42623,2019-06-08,"Thai baht, daily average",0.0
42624,2019-06-09,"Thai baht, daily average",0.0
42625,2019-06-10,"Thai baht, daily average",0.04231
42626,2019-06-11,"Thai baht, daily average",0.04244
42627,2019-06-12,"Thai baht, daily average",0.04255
42628,2019-06-13,"Thai baht, daily average",0.0427
42629,2019-06-14,"Thai baht, daily average",0.04289
42630,2019-06-15,"Thai baht, daily average",0.0
42631,2019-06-16,"Thai baht, daily average",0.0
42632,2019-06-17,"Thai baht, daily average",0.04277
42633,2019-06-18,"Thai baht, daily average",0.04287
42634,2019-06-19,"Thai baht, daily average",0.04271
42635,2019-06-20,"Thai baht, daily average",0.04272
42636,2019-06-21,"Thai baht, daily average",0.04291
42637,2019-06-22,"Thai baht, daily average",0.0
42638,2019-06-23,"Thai baht, daily average",0.0
42639,2019-06-24,"Thai baht, daily average",0.04299
42640,2019-06-25,"Thai baht, daily average",0.0429
42641,2019-06-26,"Thai baht, daily average",0.04271
42642,2019-06-27,"Thai baht, daily average",0.04258
42643,2019-06-28,"Thai baht, daily average",0.04265
42644,2019-06-29,"Thai baht, daily average",0.0
42645,2019-06-30,"Thai baht, daily average",0.0
42647,2019-07-02,"Thai baht, daily average",0.04286
42648,2019-07-03,"Thai baht, daily average",0.04273
42649,2019-07-04,"Thai baht, daily average",0.04257
42650,2019-07-05,"Thai baht, daily average",0.04256
42651,2019-07-06,"Thai baht, daily average",0.0
42652,2019-07-07,"Thai baht, daily average",0.0
42653,2019-07-08,"Thai baht, daily average",0.04247
42654,2019-07-09,"Thai baht, daily average",0.0426
42655,2019-07-10,"Thai baht, daily average",0.04262
42656,2019-07-11,"Thai baht, daily average",0.04259
42657,2019-07-12,"Thai baht, daily average",0.04214
42658,2019-07-13,"Thai baht, daily average",0.0
42659,2019-07-14,"Thai baht, daily average",0.0
42660,2019-07-15,"Thai baht, daily average",0.0422
42661,2019-07-16,"Thai baht, daily average",0.04222
42662,2019-07-17,"Thai baht, daily average",0.04225
42663,2019-07-18,"Thai baht, daily average",0.04237
42664,2019-07-19,"Thai baht, daily average",0.04241
42665,2019-07-20,"Thai baht, daily average",0.0
42666,2019-07-21,"Thai baht, daily average",0.0
42667,2019-07-22,"Thai baht, daily average",0.04247
42668,2019-07-23,"Thai baht, daily average",0.04252
42669,2019-07-24,"Thai baht, daily average",0.04251
42670,2019-07-25,"Thai baht, daily average",0.04252
42671,2019-07-26,"Thai baht, daily average",0.04269
42672,2019-07-27,"Thai baht, daily average",0.0
42673,2019-07-28,"Thai baht, daily average",0.0
42674,2019-07-29,"Thai baht, daily average",0.04264
42675,2019-07-30,"Thai baht, daily average",0.04275
42676,2019-07-31,"Thai baht, daily average",0.04282
42677,2019-08-01,"Thai baht, daily average",0.04283
42678,2019-08-02,"Thai baht, daily average",0.04304
42679,2019-08-03,"Thai baht, daily average",0.0
42680,2019-08-04,"Thai baht, daily average",0.0
42682,2019-08-06,"Thai baht, daily average",0.04313
42683,2019-08-07,"Thai baht, daily average",0.04324
42684,2019-08-08,"Thai baht, daily average",0.0431
42685,2019-08-09,"Thai baht, daily average",0.04296
42686,2019-08-10,"Thai baht, daily average",0.0
42687,2019-08-11,"Thai baht, daily average",0.0
42688,2019-08-12,"Thai baht, daily average",0.0429
42689,2019-08-13,"Thai baht, daily average",0.04295
42690,2019-08-14,"Thai baht, daily average",0.04316
42691,2019-08-15,"Thai baht, daily average",0.04322
42692,2019-08-16,"Thai baht, daily average",0.04297
42693,2019-08-17,"Thai baht, daily average",0.0
42694,2019-08-18,"Thai baht, daily average",0.0
42695,2019-08-19,"Thai baht, daily average",0.0431
42696,2019-08-20,"Thai baht, daily average",0.0433
42697,2019-08-21,"Thai baht, daily average",0.04314
42698,2019-08-22,"Thai baht, daily average",0.04317
42699,2019-08-23,"Thai baht, daily average",0.04343
42700,2019-08-24,"Thai baht, daily average",0.0
42701,2019-08-25,"Thai baht, daily average",0.0
42702,2019-08-26,"Thai baht, daily average",0.04341
42703,2019-08-27,"Thai baht, daily average",0.0434
42704,2019-08-28,"Thai baht, daily average",0.04344
42705,2019-08-29,"Thai baht, daily average",0.04343
42706,2019-08-30,"Thai baht, daily average",0.04345
42707,2019-08-31,"Thai baht, daily average",0.0
42708,2019-09-01,"Thai baht, daily average",0.0
42710,2019-09-03,"Thai baht, daily average",0.04357
42711,2019-09-04,"Thai baht, daily average",0.04338
42712,2019-09-05,"Thai baht, daily average",0.04315
42713,2019-09-06,"Thai baht, daily average",0.043
42714,2019-09-07,"Thai baht, daily average",0.0
42715,2019-09-08,"Thai baht, daily average",0.0
42716,2019-09-09,"Thai baht, daily average",0.04294
42717,2019-09-10,"Thai baht, daily average",0.04296
42718,2019-09-11,"Thai baht, daily average",0.04309
42719,2019-09-12,"Thai baht, daily average",0.04345
42720,2019-09-13,"Thai baht, daily average",0.04352
42721,2019-09-14,"Thai baht, daily average",0.0
42722,2019-09-15,"Thai baht, daily average",0.0
42723,2019-09-16,"Thai baht, daily average",0.04342
42724,2019-09-17,"Thai baht, daily average",0.04342
42725,2019-09-18,"Thai baht, daily average",0.04349
42726,2019-09-19,"Thai baht, daily average",0.04342
42727,2019-09-20,"Thai baht, daily average",0.04354
42728,2019-09-21,"Thai baht, daily average",0.0
42729,2019-09-22,"Thai baht, daily average",0.0
42730,2019-09-23,"Thai baht, daily average",0.04354
42731,2019-09-24,"Thai baht, daily average",0.04336
42732,2019-09-25,"Thai baht, daily average",0.04338
42733,2019-09-26,"Thai baht, daily average",0.04328
42734,2019-09-27,"Thai baht, daily average",0.04324
42735,2019-09-28,"Thai baht, daily average",0.0
42736,2019-09-29,"Thai baht, daily average",0.0
42737,2019-09-30,"Thai baht, daily average",0.04328
42738,2019-10-01,"Thai baht, daily average",0.04324
42739,2019-10-02,"Thai baht, daily average",0.04344
42740,2019-10-03,"Thai baht, daily average",0.04364
42741,2019-10-04,"Thai baht, daily average",0.04374
42742,2019-10-05,"Thai baht, daily average",0.0
42743,2019-10-06,"Thai baht, daily average",0.0
42744,2019-10-07,"Thai baht, daily average",0.04369
42745,2019-10-08,"Thai baht, daily average",0.04382
42746,2019-10-09,"Thai baht, daily average",0.04395
42747,2019-10-10,"Thai baht, daily average",0.04373
42748,2019-10-11,"Thai baht, daily average",0.04335
42749,2019-10-12,"Thai baht, daily average",0.0
42750,2019-10-13,"Thai baht, daily average",0.0
42752,2019-10-15,"Thai baht, daily average",0.04343
42753,2019-10-16,"Thai baht, daily average",0.04345
42754,2019-10-17,"Thai baht, daily average",0.0434
42755,2019-10-18,"Thai baht, daily average",0.04335
42756,2019-10-19,"Thai baht, daily average",0.0
42757,2019-10-20,"Thai baht, daily average",0.0
42758,2019-10-21,"Thai baht, daily average",0.04327
42759,2019-10-22,"Thai baht, daily average",0.04322
42760,2019-10-23,"Thai baht, daily average",0.04319
42761,2019-10-24,"Thai baht, daily average",0.04321
42762,2019-10-25,"Thai baht, daily average",0.04331
42763,2019-10-26,"Thai baht, daily average",0.0
42764,2019-10-27,"Thai baht, daily average",0.0
42765,2019-10-28,"Thai baht, daily average",0.04319
42766,2019-10-29,"Thai baht, daily average",0.04324
42767,2019-10-30,"Thai baht, daily average",0.04349
42768,2019-10-31,"Thai baht, daily average",0.0436
42769,2019-11-01,"Thai baht, daily average",0.0436
42770,2019-11-02,"Thai baht, daily average",0.0
42771,2019-11-03,"Thai baht, daily average",0.0
42772,2019-11-04,"Thai baht, daily average",0.04353
42773,2019-11-05,"Thai baht, daily average",0.0435
42774,2019-11-06,"Thai baht, daily average",0.0435
42775,2019-11-07,"Thai baht, daily average",0.04333
42776,2019-11-08,"Thai baht, daily average",0.04353
42777,2019-11-09,"Thai baht, daily average",0.0
42778,2019-11-10,"Thai baht, daily average",0.0
42780,2019-11-12,"Thai baht, daily average",0.0436
42781,2019-11-13,"Thai baht, daily average",0.04383
42782,2019-11-14,"Thai baht, daily average",0.04389
42783,2019-11-15,"Thai baht, daily average",0.04373
42784,2019-11-16,"Thai baht, daily average",0.0
42785,2019-11-17,"Thai baht, daily average",0.0
42786,2019-11-18,"Thai baht, daily average",0.04375
42787,2019-11-19,"Thai baht, daily average",0.04384
42788,2019-11-20,"Thai baht, daily average",0.04407
42789,2019-11-21,"Thai baht, daily average",0.04397
42790,2019-11-22,"Thai baht, daily average",0.044
42791,2019-11-23,"Thai baht, daily average",0.0
42792,2019-11-24,"Thai baht, daily average",0.0
42793,2019-11-25,"Thai baht, daily average",0.04404
42794,2019-11-26,"Thai baht, daily average",0.04396
42795,2019-11-27,"Thai baht, daily average",0.04392
42796,2019-11-28,"Thai baht, daily average",0.04394
42797,2019-11-29,"Thai baht, daily average",0.04398
42798,2019-11-30,"Thai baht, daily average",0.0
42799,2019-12-01,"Thai baht, daily average",0.0
42800,2019-12-02,"Thai baht, daily average",0.04391
42801,2019-12-03,"Thai baht, daily average",0.04394
42802,2019-12-04,"Thai baht, daily average",0.04363
42803,2019-12-05,"Thai baht, daily average",0.04339
42804,2019-12-06,"Thai baht, daily average",0.04366
42805,2019-12-07,"Thai baht, daily average",0.0
42806,2019-12-08,"Thai baht, daily average",0.0
42807,2019-12-09,"Thai baht, daily average",0.04366
42808,2019-12-10,"Thai baht, daily average",0.04367
42809,2019-12-11,"Thai baht, daily average",0.04363
42810,2019-12-12,"Thai baht, daily average",0.0437
42811,2019-12-13,"Thai baht, daily average",0.04363
42812,2019-12-14,"Thai baht, daily average",0.0
42813,2019-12-15,"Thai baht, daily average",0.0
42814,2019-12-16,"Thai baht, daily average",0.04348
42815,2019-12-17,"Thai baht, daily average",0.04352
42816,2019-12-18,"Thai baht, daily average",0.04342
42817,2019-12-19,"Thai baht, daily average",0.04345
42818,2019-12-20,"Thai baht, daily average",0.0436
42819,2019-12-21,"Thai baht, daily average",0.0
42820,2019-12-22,"Thai baht, daily average",0.0
42821,2019-12-23,"Thai baht, daily average",0.04362
42822,2019-12-24,"Thai baht, daily average",0.04363
42825,2019-12-27,"Thai baht, daily average",0.04338
42826,2019-12-28,"Thai baht, daily average",0.0
42827,2019-12-29,"Thai baht, daily average",0.0
42828,2019-12-30,"Thai baht, daily average",0.04362
42829,2019-12-31,"Thai baht, daily average",0.04362
